cargo,operacion,lugar,fecha_de_cierre,enlace,proyecto,tipo_de_contrato,cuenta_como_puesto
Encuestador,ESPAC (agropecuaria),"Provincias: Tungurahua, Cotopaxi, Chimborazo, Pastaza, Bolívar, Orellana y Napo",2026-10-07,https://www.ecuadorencifras.gob.ec/documentos/web-inec/Trabaja_con_Nosotros/2026/CONVOCATORIA_ESPAC_cz3_07_oct.pdf,Encuesta de Superficie y Producción Agropecuaria Continua – ESPAC,Civil Técnico Especializado,si
Revisor Digitador,ESPAC (agropecuaria),"Provincias: Tungurahua, Cotopaxi, Chimborazo, Pastaza, Bolívar, Orellana y Napo",2026-10-07,https://www.ecuadorencifras.gob.ec/documentos/web-inec/Trabaja_con_Nosotros/2026/CONVOCATORIA_ESPAC_cz3_07_oct.pdf,Encuesta de Superficie y Producción Agropecuaria Continua – ESPAC,Civil Técnico Especializado,si
Analista en desarrollo de aplicaciones web y móvil 2,Otras operaciones,Administración Central,2026-10-09,https://www.ecuadorencifras.gob.ec/documentos/web-inec/Trabaja_con_Nosotros/2026/CONVOCATORIA_ADM_CENTRAL_IPC_07_oct.pdf,Índice de Precios al Consumidor (IPC),Servicios Profesionales,si
Encuestador,ENEMDU (empleo),Administración Central,2026-10-07,https://www.ecuadorencifras.gob.ec/documentos/web-inec/Trabaja_con_Nosotros/2026/CONVOCATORIA_ADM_CENTRAL_enemdu_06_oct.pdf,"Encuesta Nacional de Empleo, Desempleo y Subempleo – ENEMDU",Civil Técnico Especializado,si
Auxiliar de procesos técnicos ENDI,ENDI (desnutrición infantil),"Provincias: Azuay, Cañar, Morona Santiago, Loja, Zamora Chinchipe",2026-10-08,https://www.ecuadorencifras.gob.ec/documentos/web-inec/Trabaja_con_Nosotros/2026/CONVOCATORIA_endi_CZ6_06_oct.PDF,Encuesta Nacional de Desnutrición Infantil-ENDI,Civil Técnico Especializado,si
Analista de Seguimiento y Ejecución de la Operación Estadística 2,ENEMDU (empleo),Administración Central,2026-10-06,https://www.ecuadorencifras.gob.ec/documentos/web-inec/Trabaja_con_Nosotros/2026/CONVOCATORIA_ADM_CENTRAL_ENEMDU_05_oct.pdf,"Encuesta Nacional de Empleo, Desempleo y Subempleo – ENEMDU",Servicios Profesionales,si
Analista de procesamiento de información 2,ENEMDU (empleo),Administración Central,2026-10-06,https://www.ecuadorencifras.gob.ec/documentos/web-inec/Trabaja_con_Nosotros/2026/CONVOCATORIA_ADM_CENTRAL_ENEMDU_05_oct.pdf,"Encuesta Nacional de Empleo, Desempleo y Subempleo – ENEMDU",Servicios Profesionales,si
Analista Técnico de Enlace a Comunidades 1,ESPAC (agropecuaria),Administración Central,2026-10-03,https://www.ecuadorencifras.gob.ec/documentos/web-inec/Trabaja_con_Nosotros/2026/Convocatoria_ESPAC_ac_01_octubre.pdf,Encuesta de Superficie y Producción Agropecuaria Continua – ESPAC,Servicios Profesionales,si
Analista Técnico de Gestión de Procesos ESPAC 2,ESPAC (agropecuaria),Administración Central,2026-10-03,https://www.ecuadorencifras.gob.ec/documentos/web-inec/Trabaja_con_Nosotros/2026/Convocatoria_ESPAC_ac_01_octubre.pdf,Encuesta de Superficie y Producción Agropecuaria Continua – ESPAC,Servicios Profesionales,si
Analista de Seguimiento y Control de Datos Muéstrales 2,ESPAC (agropecuaria),Administración Central,2026-10-03,https://www.ecuadorencifras.gob.ec/documentos/web-inec/Trabaja_con_Nosotros/2026/Convocatoria_ESPAC_ac_01_octubre.pdf,Encuesta de Superficie y Producción Agropecuaria Continua – ESPAC,Servicios Profesionales,si
Analista Medio de Procesamiento de Información de Registros Administrativos,ESPAC (agropecuaria),Administración Central,2026-10-03,https://www.ecuadorencifras.gob.ec/documentos/web-inec/Trabaja_con_Nosotros/2026/Convocatoria_ESPAC_ac_01_octubre.pdf,Encuesta de Superficie y Producción Agropecuaria Continua – ESPAC,Servicios Profesionales,si
Analista de Seguimiento y Ejecución de la Operación Estadística ESPAC 2,ESPAC (agropecuaria),Administración Central,2026-10-03,https://www.ecuadorencifras.gob.ec/documentos/web-inec/Trabaja_con_Nosotros/2026/Convocatoria_ESPAC_ac_01_octubre.pdf,Encuesta de Superficie y Producción Agropecuaria Continua – ESPAC,Servicios Profesionales,si
Analista Financiero 2,ENCIET (nueva encuesta),Administración Central,2026-10-04,https://www.ecuadorencifras.gob.ec/documentos/web-inec/Trabaja_con_Nosotros/2026/CONVOCATORIA_ADM_CENTRAL_ENCIET_01_oct.pdf,Robustecimiento de la Producción Estadística del Ecuador- C2 Nueva Encuesta de Fuerza de Trabajo – ENCIET,Servicios Profesionales,si
Analista técnico de levantamiento ENDI 2,ENDI (desnutrición infantil),"Provincias: Azuay, Cañar, Morona Santiago, Loja, Zamora Chinchipe",2026-10-02,https://www.ecuadorencifras.gob.ec/documentos/web-inec/Trabaja_con_Nosotros/2026/CONVOCATORIA_ANALISTA_ENDI_ENCUESTA_cz6_01_oct.pdf,Encuesta Nacional de Desnutrición Infantil-ENDI,Servicios Profesionales,si
Analista técnico de enlace de comunidades 1,ESPAC (agropecuaria),"Provincias: Guayas, Los Ríos, Santa Elena, Santo Domingo, Manabí y El Oro",2026-10-01,https://www.ecuadorencifras.gob.ec/documentos/web-inec/Trabaja_con_Nosotros/2026/1.CONVOCATORIA_espac_cz8_30_sep.pdf,Encuesta de Superficie y Producción Agropecuaria Continua – ESPAC,Servicios Profesionales,si
Encuestador,ENEMDU (empleo),Ambato,2026-09-30,https://www.ecuadorencifras.gob.ec/documentos/web-inec/Trabaja_con_Nosotros/2026/6.CONVOCATORIA_enemdu_cz3_30_sep.pdf,"Encuesta Nacional de Empleo, Desempleo y Subempleo – ENEMDU",Civil Técnico Especializado,si
Supervisor de Operativo de Campo,ENEMDU (empleo),Ambato,2026-09-30,https://www.ecuadorencifras.gob.ec/documentos/web-inec/Trabaja_con_Nosotros/2026/6.CONVOCATORIA_enemdu_cz3_30_sep.pdf,"Encuesta Nacional de Empleo, Desempleo y Subempleo – ENEMDU",Civil Técnico Especializado,si
Revisor de Procesamiento de la Recolección de Datos,ENEMDU (empleo),Ambato,2026-09-30,https://www.ecuadorencifras.gob.ec/documentos/web-inec/Trabaja_con_Nosotros/2026/6.CONVOCATORIA_enemdu_cz3_30_sep.pdf,"Encuesta Nacional de Empleo, Desempleo y Subempleo – ENEMDU",Civil Técnico Especializado,si
Auxiliar de Logística del Operativo de Campo,ENEMDU (empleo),Ambato,2026-09-30,https://www.ecuadorencifras.gob.ec/documentos/web-inec/Trabaja_con_Nosotros/2026/6.CONVOCATORIA_enemdu_cz3_30_sep.pdf,"Encuesta Nacional de Empleo, Desempleo y Subempleo – ENEMDU",Civil Técnico Especializado,si
Analista de la Calidad en Operativos de Encuestas de Hogares,ENEMDU (empleo),Ambato,2026-09-30,https://www.ecuadorencifras.gob.ec/documentos/web-inec/Trabaja_con_Nosotros/2026/6.CONVOCATORIA_enemdu_cz3_30_sep.pdf,"Encuesta Nacional de Empleo, Desempleo y Subempleo – ENEMDU",Servicios Profesionales,si
Auxiliar de Operativo de Campo,ENEMDU (empleo),Ambato,2026-09-30,https://www.ecuadorencifras.gob.ec/documentos/web-inec/Trabaja_con_Nosotros/2026/6.CONVOCATORIA_enemdu_cz3_30_sep.pdf,"Encuesta Nacional de Empleo, Desempleo y Subempleo – ENEMDU",Civil Técnico Especializado,si
Validador de Procesamiento de Recolección de Datos,ENEMDU (empleo),Ambato,2026-09-30,https://www.ecuadorencifras.gob.ec/documentos/web-inec/Trabaja_con_Nosotros/2026/6.CONVOCATORIA_enemdu_cz3_30_sep.pdf,"Encuesta Nacional de Empleo, Desempleo y Subempleo – ENEMDU",Civil Técnico Especializado,si
Asistente de la Calidad en Operativos de Encuestas de Hogares,ENEMDU (empleo),Ambato,2026-09-30,https://www.ecuadorencifras.gob.ec/documentos/web-inec/Trabaja_con_Nosotros/2026/6.CONVOCATORIA_enemdu_cz3_30_sep.pdf,"Encuesta Nacional de Empleo, Desempleo y Subempleo – ENEMDU",Civil Técnico Especializado,si
Asistente Técnico y de Gestión de la Operación Estadística,ENEMDU (empleo),Ambato,2026-09-30,https://www.ecuadorencifras.gob.ec/documentos/web-inec/Trabaja_con_Nosotros/2026/6.CONVOCATORIA_enemdu_cz3_30_sep.pdf,"Encuesta Nacional de Empleo, Desempleo y Subempleo – ENEMDU",Civil Técnico Especializado,si
Analista Medio de Procesamiento de Información de Registros Administrativos,Otras operaciones,Administración Central,2026-09-29,https://www.ecuadorencifras.gob.ec/documentos/web-inec/Trabaja_con_Nosotros/2026/CONVOCATORIA_ADM_CENTRAL_REEM_28_sep.pdf,Registro Estadístico de Empresas – REEM,Servicios Profesionales,si
Analista de Seguimiento y Ejecución de la Operación Estadística 2,ENEMDU (empleo),Administración Central,2026-09-26,https://www.ecuadorencifras.gob.ec/documentos/web-inec/Trabaja_con_Nosotros/2026/CONVOCATORIA_ADM_CENTRAL_ENEMDU_25_sep.pdf,"Encuesta Nacional de Empleo, Desempleo y Subempleo – ENEMDU",Servicios Profesionales,si
Especialista en análisis desarrollo de aplicaciones web y móvil,ENEMDU (empleo),Administración Central,2026-09-26,https://www.ecuadorencifras.gob.ec/documentos/web-inec/Trabaja_con_Nosotros/2026/CONVOCATORIA_ADM_CENTRAL_ENEMDU_25_sep.pdf,"Encuesta Nacional de Empleo, Desempleo y Subempleo – ENEMDU",Servicios Profesionales,si
Analista medio de tecnologías de la información 2,ENEMDU (empleo),Administración Central,2026-09-26,https://www.ecuadorencifras.gob.ec/documentos/web-inec/Trabaja_con_Nosotros/2026/CONVOCATORIA_ADM_CENTRAL_ENEMDU_25_sep.pdf,"Encuesta Nacional de Empleo, Desempleo y Subempleo – ENEMDU",Servicios Profesionales,si
Analista en monitoreo de encuestas de hogares 2,ENEMDU (empleo),Administración Central,2026-09-26,https://www.ecuadorencifras.gob.ec/documentos/web-inec/Trabaja_con_Nosotros/2026/CONVOCATORIA_ADM_CENTRAL_ENEMDU_25_sep.pdf,"Encuesta Nacional de Empleo, Desempleo y Subempleo – ENEMDU",Servicios Profesionales,si
Analista de procesamiento de información 2,ENEMDU (empleo),Administración Central,2026-09-26,https://www.ecuadorencifras.gob.ec/documentos/web-inec/Trabaja_con_Nosotros/2026/CONVOCATORIA_ADM_CENTRAL_ENEMDU_25_sep.pdf,"Encuesta Nacional de Empleo, Desempleo y Subempleo – ENEMDU",Servicios Profesionales,si
Analista de documentación y planificación técnica 2,ENEMDU (empleo),Administración Central,2026-09-26,https://www.ecuadorencifras.gob.ec/documentos/web-inec/Trabaja_con_Nosotros/2026/CONVOCATORIA_ADM_CENTRAL_ENEMDU_25_sep.pdf,"Encuesta Nacional de Empleo, Desempleo y Subempleo – ENEMDU",Servicios Profesionales,si
Analista de la calidad en operativos de encuestas de hogares,ENEMDU (empleo),Administración Central,2026-09-26,https://www.ecuadorencifras.gob.ec/documentos/web-inec/Trabaja_con_Nosotros/2026/CONVOCATORIA_ADM_CENTRAL_ENEMDU_25_sep.pdf,"Encuesta Nacional de Empleo, Desempleo y Subempleo – ENEMDU",Servicios Profesionales,si
Analista medio de planificación y metodologías 2,ENEMDU (empleo),Administración Central,2026-09-26,https://www.ecuadorencifras.gob.ec/documentos/web-inec/Trabaja_con_Nosotros/2026/CONVOCATORIA_ADM_CENTRAL_ENEMDU_25_sep.pdf,"Encuesta Nacional de Empleo, Desempleo y Subempleo – ENEMDU",Servicios Profesionales,si
Analista medio de visualización y datos 2,ENEMDU (empleo),Administración Central,2026-09-26,https://www.ecuadorencifras.gob.ec/documentos/web-inec/Trabaja_con_Nosotros/2026/CONVOCATORIA_ADM_CENTRAL_ENEMDU_25_sep.pdf,"Encuesta Nacional de Empleo, Desempleo y Subempleo – ENEMDU",Servicios Profesionales,si
Analista de codificación 2,ENEMDU (empleo),Administración Central,2026-09-26,https://www.ecuadorencifras.gob.ec/documentos/web-inec/Trabaja_con_Nosotros/2026/CONVOCATORIA_ADM_CENTRAL_ENEMDU_25_sep.pdf,"Encuesta Nacional de Empleo, Desempleo y Subempleo – ENEMDU",Servicios Profesionales,si
Analista de seguimiento y control de diseños muestrales 2,ENEMDU (empleo),Administración Central,2026-09-26,https://www.ecuadorencifras.gob.ec/documentos/web-inec/Trabaja_con_Nosotros/2026/CONVOCATORIA_ADM_CENTRAL_ENEMDU_25_sep.pdf,"Encuesta Nacional de Empleo, Desempleo y Subempleo – ENEMDU",Servicios Profesionales,si
Auxiliar de operativo de campo,ENEMDU (empleo),Administración Central,2026-09-26,https://www.ecuadorencifras.gob.ec/documentos/web-inec/Trabaja_con_Nosotros/2026/CONVOCATORIA_ADM_CENTRAL_ENEMDU_25_sep.pdf,"Encuesta Nacional de Empleo, Desempleo y Subempleo – ENEMDU",Civil Técnico Especializado,si
Asistente de la calidad en operativos de encuestas de hogares,ENEMDU (empleo),Administración Central,2026-09-26,https://www.ecuadorencifras.gob.ec/documentos/web-inec/Trabaja_con_Nosotros/2026/CONVOCATORIA_ADM_CENTRAL_ENEMDU_25_sep.pdf,"Encuesta Nacional de Empleo, Desempleo y Subempleo – ENEMDU",Civil Técnico Especializado,si
Especialista técnico de evaluación observacional de Módulo de Apego,ENDI (desnutrición infantil),Administración Central,2026-09-28,https://www.ecuadorencifras.gob.ec/documentos/web-inec/Trabaja_con_Nosotros/2026/CONVOCATORIA_ADM_CENTRAL_ENDI_25_sep.PDF,Encuesta Nacional de Desnutrición Infantil-ENDI,Servicios Profesionales,si
Analista de interacciones de Módulo de Apego,ENDI (desnutrición infantil),Administración Central,2026-09-28,https://www.ecuadorencifras.gob.ec/documentos/web-inec/Trabaja_con_Nosotros/2026/CONVOCATORIA_ADM_CENTRAL_ENDI_25_sep.PDF,Encuesta Nacional de Desnutrición Infantil-ENDI,Servicios Profesionales,si
Asistente de calidad de evaluación observacional de Módulo de Apego,ENDI (desnutrición infantil),Administración Central,2026-09-28,https://www.ecuadorencifras.gob.ec/documentos/web-inec/Trabaja_con_Nosotros/2026/CONVOCATORIA_ADM_CENTRAL_ENDI_25_sep.PDF,Encuesta Nacional de Desnutrición Infantil-ENDI,Civil Técnico Especializado,si
Crítico Codificador de Edificaciones,Otras operaciones,"Provincias: Azuay, Cañar, Morona Santiago, Loja, Zamora Chinchipe",2026-09-25,https://www.ecuadorencifras.gob.ec/documentos/web-inec/Trabaja_con_Nosotros/2026/Convocatoria_039_C3_Crit_cz3_24_sep.pdf,Modernización de la producción de Estadísticas Económicas Oficiales del Ecuador,Civil Técnico Especializado,si
Encuestador,ESPAC (agropecuaria),Administración Central,2026-09-24,https://www.ecuadorencifras.gob.ec/documentos/web-inec/Trabaja_con_Nosotros/2026/CONVOCATORIA_ADM_CENTRAL_civil_campo_espac_23_sep.pdf,Encuesta de Superficie y Producción Agropecuaria Continua – ESPAC,Civil Técnico Especializado,si
Revisor Digitador,ESPAC (agropecuaria),Administración Central,2026-09-24,https://www.ecuadorencifras.gob.ec/documentos/web-inec/Trabaja_con_Nosotros/2026/CONVOCATORIA_ADM_CENTRAL_civil_campo_espac_23_sep.pdf,Encuesta de Superficie y Producción Agropecuaria Continua – ESPAC,Civil Técnico Especializado,si
Encuestador,ESPAC (agropecuaria),"Provincias: Tungurahua, Cotopaxi, Chimborazo, Pastaza, Bolívar, Orellana y Napo",2026-09-23,https://www.ecuadorencifras.gob.ec/documentos/web-inec/Trabaja_con_Nosotros/2026/7.CONVOCATORIA_ESPAC_ENCUESTADOR_cz3_23_sep.pdf,Encuesta de Superficie y Producción Agropecuaria Continua – ESPAC,Civil Técnico Especializado,si
Encuestador,ENEMDU (empleo),Administración Central,2026-09-23,https://www.ecuadorencifras.gob.ec/documentos/web-inec/Trabaja_con_Nosotros/2026/Convocatoria_ENEMDU_ac_23_sep.pdf,"Encuesta Nacional de Empleo, Desempleo y Subempleo – ENEMDU",Civil Técnico Especializado,si
Supervisor de Operativo de Campo,ENEMDU (empleo),Administración Central,2026-09-23,https://www.ecuadorencifras.gob.ec/documentos/web-inec/Trabaja_con_Nosotros/2026/Convocatoria_ENEMDU_ac_23_sep.pdf,"Encuesta Nacional de Empleo, Desempleo y Subempleo – ENEMDU",Civil Técnico Especializado,si
Revisor de Procesamiento de la Recolección de Datos,ENEMDU (empleo),Administración Central,2026-09-23,https://www.ecuadorencifras.gob.ec/documentos/web-inec/Trabaja_con_Nosotros/2026/Convocatoria_ENEMDU_ac_23_sep.pdf,"Encuesta Nacional de Empleo, Desempleo y Subempleo – ENEMDU",Civil Técnico Especializado,si
Validador de Procesamiento de Recolección de Datos,ENEMDU (empleo),Administración Central,2026-09-23,https://www.ecuadorencifras.gob.ec/documentos/web-inec/Trabaja_con_Nosotros/2026/Convocatoria_ENEMDU_ac_23_sep.pdf,"Encuesta Nacional de Empleo, Desempleo y Subempleo – ENEMDU",Civil Técnico Especializado,si
Auxiliar de Logística del Operativo de Campo,ENEMDU (empleo),Administración Central,2026-09-23,https://www.ecuadorencifras.gob.ec/documentos/web-inec/Trabaja_con_Nosotros/2026/Convocatoria_ENEMDU_ac_23_sep.pdf,"Encuesta Nacional de Empleo, Desempleo y Subempleo – ENEMDU",Civil Técnico Especializado,si
Auxiliar de Operativo de Campo,ENEMDU (empleo),Administración Central,2026-09-23,https://www.ecuadorencifras.gob.ec/documentos/web-inec/Trabaja_con_Nosotros/2026/Convocatoria_ENEMDU_ac_23_sep.pdf,"Encuesta Nacional de Empleo, Desempleo y Subempleo – ENEMDU",Civil Técnico Especializado,si
Asistente de la Calidad en Operativos de Encuestas de Hogares,ENEMDU (empleo),Administración Central,2026-09-23,https://www.ecuadorencifras.gob.ec/documentos/web-inec/Trabaja_con_Nosotros/2026/Convocatoria_ENEMDU_ac_23_sep.pdf,"Encuesta Nacional de Empleo, Desempleo y Subempleo – ENEMDU",Civil Técnico Especializado,si
Asistente Técnico y de Gestión de la Operación Estadística,ENEMDU (empleo),Administración Central,2026-09-23,https://www.ecuadorencifras.gob.ec/documentos/web-inec/Trabaja_con_Nosotros/2026/Convocatoria_ENEMDU_ac_23_sep.pdf,"Encuesta Nacional de Empleo, Desempleo y Subempleo – ENEMDU",Civil Técnico Especializado,si
Analista de la Calidad en Operativos de Encuestas de Hogares,ENEMDU (empleo),Administración Central,2026-09-23,https://www.ecuadorencifras.gob.ec/documentos/web-inec/Trabaja_con_Nosotros/2026/Convocatoria_ENEMDU_ac_23_sep.pdf,"Encuesta Nacional de Empleo, Desempleo y Subempleo – ENEMDU",Servicios Profesionales,si
Encuestador,ESPAC (agropecuaria),"Provincias: Azuay, Cañar, Morona Santiago, Loja, Zamora Chinchipe",2026-09-23,https://www.ecuadorencifras.gob.ec/documentos/web-inec/Trabaja_con_Nosotros/2026/CONVOCATORIA_4_EQUIPO_ESPAC_cz6_22_sep.pdf,Encuesta de Superficie y Producción Agropecuaria Continua – ESPAC,Civil Técnico Especializado,si
Servicio de transporte de camionetas,Otras operaciones,Administración Central,2026-09-30,https://www.ecuadorencifras.gob.ec/documentos/web-inec/Trabaja_con_Nosotros/2026/Convocatoria_ipc-ipco_ac_22_sep.pdf,Índice de Precios al Consumidor (IPC) e Índice de Precios de la Construcción – IPCO,Contratación pública,no
Analista Financiero de Equipo Coordinador Proyecto 3,Otras operaciones,Administración Central,2026-09-24,https://www.ecuadorencifras.gob.ec/documentos/web-inec/Trabaja_con_Nosotros/2026/Convocatoria_c7_ac_22_sep.pdf,Robustecimiento de la Producción Estadística del Ecuador – C7- Gestión de seguimiento y evaluación,Servicios Profesionales,si
Analista de la Calidad en Operativos de Encuestas de Hogares,ENEMDU (empleo),"Provincias: Azuay, Cañar, Morona Santiago, Loja, Zamora Chinchipe",2026-09-23,https://www.ecuadorencifras.gob.ec/documentos/web-inec/Trabaja_con_Nosotros/2026/CONVOCATORIA_EQUIPO_ENEMDU_cz6_22_sep.pdf,"Encuesta Nacional de Empleo, Desempleo y Subempleo – ENEMDU",Servicios Profesionales,si
Asistente de la Calidad en operativos de encuestas de hogares,ENEMDU (empleo),"Provincias: Azuay, Cañar, Morona Santiago, Loja, Zamora Chinchipe",2026-09-23,https://www.ecuadorencifras.gob.ec/documentos/web-inec/Trabaja_con_Nosotros/2026/CONVOCATORIA_EQUIPO_ENEMDU_cz6_22_sep.pdf,"Encuesta Nacional de Empleo, Desempleo y Subempleo – ENEMDU",Civil Técnico Especializado,si
Asistente técnico y de gestión de la operación estadística,ENEMDU (empleo),"Provincias: Azuay, Cañar, Morona Santiago, Loja, Zamora Chinchipe",2026-09-23,https://www.ecuadorencifras.gob.ec/documentos/web-inec/Trabaja_con_Nosotros/2026/CONVOCATORIA_EQUIPO_ENEMDU_cz6_22_sep.pdf,"Encuesta Nacional de Empleo, Desempleo y Subempleo – ENEMDU",Civil Técnico Especializado,si
Auxiliar de logística del operativo de campo,ENEMDU (empleo),"Provincias: Azuay, Cañar, Morona Santiago, Loja, Zamora Chinchipe",2026-09-23,https://www.ecuadorencifras.gob.ec/documentos/web-inec/Trabaja_con_Nosotros/2026/CONVOCATORIA_EQUIPO_ENEMDU_cz6_22_sep.pdf,"Encuesta Nacional de Empleo, Desempleo y Subempleo – ENEMDU",Civil Técnico Especializado,si
Auxiliar de operativo de campo,ENEMDU (empleo),"Provincias: Azuay, Cañar, Morona Santiago, Loja, Zamora Chinchipe",2026-09-23,https://www.ecuadorencifras.gob.ec/documentos/web-inec/Trabaja_con_Nosotros/2026/CONVOCATORIA_EQUIPO_ENEMDU_cz6_22_sep.pdf,"Encuesta Nacional de Empleo, Desempleo y Subempleo – ENEMDU",Civil Técnico Especializado,si
Supervisor de Operativo de Campo,ENEMDU (empleo),"Provincias: Azuay, Cañar, Morona Santiago, Loja, Zamora Chinchipe",2026-09-23,https://www.ecuadorencifras.gob.ec/documentos/web-inec/Trabaja_con_Nosotros/2026/CONVOCATORIA_EQUIPO_ENEMDU_cz6_22_sep.pdf,"Encuesta Nacional de Empleo, Desempleo y Subempleo – ENEMDU",Civil Técnico Especializado,si
Encuestador,ENEMDU (empleo),"Provincias: Azuay, Cañar, Morona Santiago, Loja, Zamora Chinchipe",2026-09-23,https://www.ecuadorencifras.gob.ec/documentos/web-inec/Trabaja_con_Nosotros/2026/CONVOCATORIA_EQUIPO_ENEMDU_cz6_22_sep.pdf,"Encuesta Nacional de Empleo, Desempleo y Subempleo – ENEMDU",Civil Técnico Especializado,si
Revisor de procesamiento de la recolección de datos,ENEMDU (empleo),"Provincias: Azuay, Cañar, Morona Santiago, Loja, Zamora Chinchipe",2026-09-23,https://www.ecuadorencifras.gob.ec/documentos/web-inec/Trabaja_con_Nosotros/2026/CONVOCATORIA_EQUIPO_ENEMDU_cz6_22_sep.pdf,"Encuesta Nacional de Empleo, Desempleo y Subempleo – ENEMDU",Civil Técnico Especializado,si
Validador de procesamiento de recolección de datos,ENEMDU (empleo),"Provincias: Azuay, Cañar, Morona Santiago, Loja, Zamora Chinchipe",2026-09-23,https://www.ecuadorencifras.gob.ec/documentos/web-inec/Trabaja_con_Nosotros/2026/CONVOCATORIA_EQUIPO_ENEMDU_cz6_22_sep.pdf,"Encuesta Nacional de Empleo, Desempleo y Subempleo – ENEMDU",Civil Técnico Especializado,si
Analista técnico de cartografía ENDI 1,ENDI (desnutrición infantil),Administración Central,2026-09-19,https://www.ecuadorencifras.gob.ec/documentos/web-inec/Trabaja_con_Nosotros/2026/CONVOCATORIA_ADM_CENTRAL_ENDI_CONTINUA_PC_18_sep.PDF,Encuesta Nacional de Desnutrición Infantil-ENDI,Servicios Profesionales,si
Analista técnico de levantamiento ENDI 2,ENDI (desnutrición infantil),Administración Central,2026-09-19,https://www.ecuadorencifras.gob.ec/documentos/web-inec/Trabaja_con_Nosotros/2026/CONVOCATORIA_ADM_CENTRAL_ENDI_CONTINUA_PC_18_sep.PDF,Encuesta Nacional de Desnutrición Infantil-ENDI,Servicios Profesionales,si
Analista de métricas sociales ENDI 3,ENDI (desnutrición infantil),Administración Central,2026-09-19,https://www.ecuadorencifras.gob.ec/documentos/web-inec/Trabaja_con_Nosotros/2026/CONVOCATORIA_ADM_CENTRAL_ENDI_CONTINUA_PC_18_sep.PDF,Encuesta Nacional de Desnutrición Infantil-ENDI,Servicios Profesionales,si
Analista de aplicaciones web y móvil ENDI 3,ENDI (desnutrición infantil),Administración Central,2026-09-19,https://www.ecuadorencifras.gob.ec/documentos/web-inec/Trabaja_con_Nosotros/2026/CONVOCATORIA_ADM_CENTRAL_ENDI_CONTINUA_PC_18_sep.PDF,Encuesta Nacional de Desnutrición Infantil-ENDI,Servicios Profesionales,si
Servicio de transporte de camionetas,ENEMDU (empleo),"Provincias: Guayas, Los Ríos, Santa Elena, Santo Domingo, Manabí y El Oro",2026-09-25,,"Encuesta Nacional de Empleo, Desempleo y Subempleo-ENEMDU",Contratación pública,no
Encuestador ENDI,ENDI (desnutrición infantil),"Quito, Ambato, Cuenca y Guayaquil",2026-09-18,https://www.ecuadorencifras.gob.ec/documentos/web-inec/Trabaja_con_Nosotros/2026/CONVOCATORIA_ENDI_202_FASE_ENCUESTA_17_sep.PDF,Encuesta Nacional de Desnutrición Infantil-ENDI,Civil Técnico Especializado,si
Encuestador antropometrista ENDI,ENDI (desnutrición infantil),"Quito, Ambato, Cuenca y Guayaquil",2026-09-18,https://www.ecuadorencifras.gob.ec/documentos/web-inec/Trabaja_con_Nosotros/2026/CONVOCATORIA_ENDI_202_FASE_ENCUESTA_17_sep.PDF,Encuesta Nacional de Desnutrición Infantil-ENDI,Civil Técnico Especializado,si
Supervisor de Operativo de Campo ENDI,ENDI (desnutrición infantil),"Quito, Ambato, Cuenca y Guayaquil",2026-09-18,https://www.ecuadorencifras.gob.ec/documentos/web-inec/Trabaja_con_Nosotros/2026/CONVOCATORIA_ENDI_202_FASE_ENCUESTA_17_sep.PDF,Encuesta Nacional de Desnutrición Infantil-ENDI,Civil Técnico Especializado,si
Revisor de Control de Calidad ENDI,ENDI (desnutrición infantil),"Quito, Ambato, Cuenca y Guayaquil",2026-09-18,https://www.ecuadorencifras.gob.ec/documentos/web-inec/Trabaja_con_Nosotros/2026/CONVOCATORIA_ENDI_202_FASE_ENCUESTA_17_sep.PDF,Encuesta Nacional de Desnutrición Infantil-ENDI,Civil Técnico Especializado,si
Encuestador UPM,ENCIET (nueva encuesta),"Provincias: Guayas, Los Ríos, Santa Elena, Santo Domingo, Manabí y El Oro",2026-09-17,https://www.ecuadorencifras.gob.ec/documentos/web-inec/Trabaja_con_Nosotros/2026/CONVOCATORIA_ENCIET_cz8_16_sep.pdf,Robustecimiento de la Producción Estadística del Ecuador- C2 Nueva Encuesta de Fuerza de Trabajo – ENCIET,Civil Técnico Especializado,si
Supervisor de Operativo de Campo UPM,ENCIET (nueva encuesta),"Provincias: Guayas, Los Ríos, Santa Elena, Santo Domingo, Manabí y El Oro",2026-09-17,https://www.ecuadorencifras.gob.ec/documentos/web-inec/Trabaja_con_Nosotros/2026/CONVOCATORIA_ENCIET_cz8_16_sep.pdf,Robustecimiento de la Producción Estadística del Ecuador- C2 Nueva Encuesta de Fuerza de Trabajo – ENCIET,Civil Técnico Especializado,si
Analista de planificación técnica de operaciones estadísticas 1,ENDI (desnutrición infantil),Guayaquil,2026-09-20,https://www.ecuadorencifras.gob.ec/documentos/web-inec/Trabaja_con_Nosotros/2026/CONVOCATORIA_ENDI_cz8_15_sep.pdf,Encuesta Nacional de Desnutrición Infantil-ENDI,Servicios Profesionales,si
Asistente Técnico de Cartografía,ENCIET (nueva encuesta),Administración Central,2026-09-15,https://www.ecuadorencifras.gob.ec/documentos/web-inec/Trabaja_con_Nosotros/2026/Convocatoria_enciet_ac_14_sep.pdf,Robustecimiento de la Producción Estadística del Ecuador- C2 Nueva Encuesta de Fuerza de Trabajo – ENCIET,Civil Técnico Especializado,si
Crítico – Codificador,Otras operaciones,Administración Central,2026-09-13,https://www.ecuadorencifras.gob.ec/documentos/web-inec/Trabaja_con_Nosotros/2026/CONVOCATORIA_CRITICO_CODIFICADOR_ac_11_sep.pdf,Modernización de la producción de Estadísticas Económicas Oficiales del Ecuador,Civil Técnico Especializado,si
Revisor de Control de Calidad,Otras operaciones,Administración Central,2026-09-13,https://www.ecuadorencifras.gob.ec/documentos/web-inec/Trabaja_con_Nosotros/2026/CONVOCATORIA_CRITICO_CODIFICADOR_ac_11_sep.pdf,Modernización de la producción de Estadísticas Económicas Oficiales del Ecuador,Civil Técnico Especializado,si
Servicio de transporte de camionetas,ESPAC (agropecuaria),"Provincias: Guayas, Los Ríos, Santa Elena, Santo Domingo, Manabí y El Oro",2026-09-21,,Encuesta de Superficie y Producción Agropecuaria Continua – ESPAC,Contratación pública,no
Analista Financiero de Equipo Coordinador Proyecto 3,Otras operaciones,Administración Central,2026-09-13,https://www.ecuadorencifras.gob.ec/documentos/web-inec/Trabaja_con_Nosotros/2026/Convocatoria_c7_ac_10_sep.pdf,Robustecimiento de la Producción Estadística del Ecuador – C7- Gestión de seguimiento y evaluación,Servicios Profesionales,si
